pH_level,mixing_time,cooling_rate,impurity_percentage,defects
6.874540118847363,22,4.370917749353309,0.2358575991436871,0
7.450714306409916,52,4.924194581531321,0.37142200187304575,1
7.231993941811405,25,4.002463670332852,0.06254222689736844,1
7.098658484197037,29,5.196654530244854,0.801366915819519,0
6.656018640442436,24,5.214612896525343,0.7665885239716433,1
6.655994520336202,42,4.4950799112067505,0.7336158300423125,0
6.5580836121682,29,5.116825345166395,0.29944351049188667,1
7.3661761457749355,21,4.451080284887471,0.17348007426595724,1
7.101115011743209,32,4.32165093815638,0.6375532644702298,1
7.208072577796045,59,5.30303893360453,0.49616638411321945,1
6.520584494295802,21,4.65185092790415,0.17825246690464158,1
7.469909852161995,39,5.180527877771245,0.6859112710498637,1
7.332442640800422,20,4.866493497943312,0.9911264318213037,1
6.712339110678276,56,5.968702814805808,0.7472195877420377,0
6.681824967207101,28,4.299161285335131,0.7399863866856118,1
6.683404509853434,36,4.92919719327162,0.9503127529305917,0
6.804242242959537,28,5.3609132527186505,0.2029363675749022,1
7.0247564316322375,30,4.791090167759937,0.5655499649214404,1
6.931945018642116,34,5.9493997037413795,0.9796467150338835,0
6.791229140198042,43,5.44377525585387,0.16529411097017455,1
7.11185289472238,57,5.313967715128986,0.700251959444521,1
6.639493860652042,54,5.514118535222447,0.585810145971902,0
6.792144648535218,49,5.905297276077434,0.586479092188707,0
6.866361843293692,50,5.815637305969281,0.6976706275200751,0
6.956069984217036,24,5.448570616252824,0.9296169228756842,1
7.285175961393014,33,5.498323278202566,0.782581939851338,0
6.69967378215836,30,4.291844148070291,0.056136103416210004,0
7.014234438413611,28,4.205584808985331,0.8527280198757112,1
7.092414568862043,53,5.141809003688328,0.22554132992573261,1
6.546450412719998,31,4.03673527388108,0.37691416473637196,1
7.107544851901438,54,4.964712763103183,0.46173281361238216,1
6.670524123687292,54,4.420699159837737,0.48090600075306966,0
6.565051592985279,20,4.692033135289679,0.4351803992553568,1
7.448885537253333,59,5.551609471585913,0.9373532942158644,0
7.465632033074559,41,5.882475008464773,0.7060190076640246,1
7.308397348116461,48,4.144832544292683,0.6311706459567064,1
6.804613769173371,27,5.06848441195289,0.049842027782941556,1
6.597672114006384,30,5.7650669716392,0.9039133302603747,0
7.184233026512157,56,4.165017068880843,0.9093901920083962,0
6.9401524937396015,33,5.649028093793667,0.7802130634301023,1
6.622038234844779,49,4.715602701856543,0.007029203813619156,1
6.995176910111271,54,4.644189404438671,0.057280251077623356,1
6.534388521115218,40,5.954932772629571,0.22522370226848976,0
7.409320402078782,56,4.401718179724588,0.1313494081449067,1
6.758779981600017,24,5.386387881645362,0.39883602970372944,1
7.162522284353982,38,5.642881456019733,0.9226230580877897,0
6.811711076089411,33,4.082366990558543,0.4720604341969983,1
7.020068021177811,45,5.340770916708824,0.01340262643216561,1
7.04671027934328,23,5.903099948710654,0.282745689578762,1
6.684854455525527,44,4.248439933456119,0.04459490837296154,0
7.469584627764559,44,5.792442605370077,0.03628762261350216,0
7.2751328233611146,37,5.189553274753872,0.27571985309555225,0
7.439498941564189,59,5.233209163724948,0.2756123386789454,1
7.394827350427649,27,5.225888349731212,0.787126602601604,1
7.0978999788110855,58,4.5976717726746275,0.9748346527811119,0
7.421874235023116,59,5.870403630598919,0.3712070938899983,0
6.58849250205192,33,5.894700925262077,0.4288868788610386,0
6.695982862419145,51,5.250609320427896,0.8447894362860214,0
6.545227288910538,57,5.566845451883229,0.2681390200955134,0
6.825330330763264,52,5.224515971762316,0.15638180440344795,1
6.888677289689482,42,4.968796895148081,0.8530896234036505,0
6.771349031773896,34,5.321640236598501,0.046500586440065494,1
7.32873750915193,52,5.106002905183917,0.6196994401994157,0
6.856753326693589,44,5.19495172526386,0.5619928474668068,1
6.7809345096873805,36,5.567665106837724,0.34592044750169426,0
7.042696083158249,52,4.96180766289797,0.315189521097359,1
6.640924224974762,21,4.0815082121849455,0.7718577261816213,1
7.30219698075404,33,4.327998961978994,0.08642461076254648,1
6.574550643679771,59,4.877214432979077,0.2367843093113854,1
7.486886936600517,59,5.449653119748117,0.7324487318380898,1
7.272244769296657,58,5.186557296620357,0.5483205837264242,1
6.698715681534172,25,5.300588371746908,0.1279882085335864,1
6.505522117123602,25,4.958557857152575,0.8821356142820601,0
7.315461428454834,22,5.231484043884485,0.39344784656359155,1
7.206857343847617,26,4.658034875629324,0.8278683753221728,0
7.2290071680409875,27,4.94036518539333,0.7877130155277087,0
7.271270346685946,34,5.488558131189912,0.624425446471728,1
6.5740446517340905,48,5.743665557946242,0.49448113129509297,0
6.858465728544273,52,4.867310667912777,0.9795508403817569,1
6.61586905952513,49,4.087323315414722,0.14496507237981704,1
7.363103425875593,58,4.323345088293605,0.7251557275511148,1
7.123298126827558,46,4.041722278583077,0.191190701464789,0
6.830898024852649,55,5.30652603847466,0.3382631053323484,1
6.563558350286024,48,4.664629250710218,0.30869874337319525,1
6.810982321715662,57,5.084957271438735,0.947035987738723,1
6.8251833220267475,52,4.986553693567599,0.9673561777882752,0
7.229606178338064,56,4.163052979104854,0.18301544423472715,1
7.137557471355213,46,4.806522722247664,0.022035160297504186,1
7.3872127425763265,52,4.441122249844646,0.7200080396631131,1
6.972214925161949,23,4.836799577335306,0.41798993387048433,1
6.619594245938302,41,4.407156560684485,0.08884024508756438,1
7.213244787222995,21,5.680904812553867,0.6837541055770425,0
7.260785048616897,29,4.348386673156507,0.5451055282606997,1
7.061277197569496,24,5.921561102973953,0.980516822001106,0
7.270967179954561,29,4.831814732293882,0.22740949586137893,1
6.993795596364391,52,5.692490584038099,0.40397787632654825,1
7.022732829381994,57,5.25752963641189,0.5425458033954229,1
6.92754101835855,32,5.470700597331505,0.7916999884533517,0
6.5254191267440955,50,5.5354477761335605,0.5488386567200587,1
6.607891426993304,55,5.009689763786035,0.6129001608619492,0
6.531429185686735,43,5.086601046726576,0.22614705158994075,1
7.13641041126378,34,5.02799173561745,0.8469187280885598,0
6.814355981076327,48,5.176116756180159,0.42863054697047576,1
7.008570691164703,27,4.058788891513014,0.14095962752176927,1
7.407566473926093,24,4.791030339698031,0.6641879145054174,1
6.749292229148875,48,5.212377427122343,0.2160904531853075,0
6.9103829230356295,23,5.195447130511729,0.09756251023929974,1
7.255551138543049,31,5.585912189211263,0.8619869084042723,0
6.7287981654916225,21,5.3100186776642175,0.46016226448843967,0
6.576979909828793,46,5.9842666326813445,0.7492837126957764,0
6.789751452913768,50,4.56770905721729,0.2905875598063551,1
6.661221287254005,55,4.718302059332463,0.7869701349176663,1
7.429697652342573,55,4.767694303735593,0.11193592702153032,1
7.308120379564417,45,4.931625614040497,0.3559733737948527,1
7.133403756510424,46,5.671996127562419,0.9780618179735285,0
7.371460590187718,24,4.4715841879184195,0.7939897163680061,1
7.303672076899114,39,5.552000414070859,0.4972559303146882,0
6.686570058886036,30,4.810620366171487,0.3397774715618851,1
7.392558998489978,29,5.203710767324017,0.8721357000224765,0
7.039342241915651,59,5.265081066452613,0.5448477590845157,1
7.307440155164063,57,4.745697274377869,0.7584250178691111,1
7.396091299923493,25,5.02523041041161,0.754107680316164,1
6.818003474971864,27,4.826062349295394,0.01794567856849183,1
6.610051924527677,42,4.138265572373239,0.12625378279261346,1
6.727935162541941,45,4.874330777633653,0.6596293663947422,0
6.927107788626256,31,4.194786785107104,0.16161981128587144,1
7.318014765922493,45,4.810041598160643,0.2554933446556047,1
7.360730583256343,32,5.185836799663564,0.9466379541996072,1
6.50695213053119,59,5.158829798687002,0.5601822583749119,1
7.010747302577566,37,5.32524255801664,0.7507295069993472,1
6.9174110031487785,44,4.190523015909252,0.5579807387826399,1
6.72210781047073,52,5.3042464910608755,0.5525136147827252,1
6.6198653673336825,59,4.624296113392894,0.0941519101256979,0
6.837615171403628,31,4.798091892274222,0.34366319260910305,1
7.44290970391252,55,5.715972507845412,0.2824308986865117,1
6.823202932020755,23,4.018060808259101,0.39072836561361324,1
7.018790621743366,24,5.176825266681211,0.7983441882243283,1
7.203018958895178,56,5.197427960200216,0.37193266791686486,0
6.863629602379294,27,4.793319552687124,0.4516968192316827,1
7.471782082720961,47,4.474055714216672,0.3973813904853165,1
7.462447294942111,50,4.469348076523103,0.0934079719752956,1
6.751782295825365,28,5.767419339321505,0.4410721582507837,1
6.997248505892386,48,4.884048747565715,0.19560927304451503,1
6.8008783098167696,33,4.661778725978344,0.18672329577304148,1
6.784840494377468,59,4.897555147662806,0.09403610443426635,1
6.536886947354533,41,5.3387808029187225,0.35667097414176474,1
7.109564333979897,30,4.291513136489503,0.7574818847894174,0
7.002679023228861,42,4.898867670427475,0.27644169058339607,1
6.55147875124999,20,5.175768742220773,0.31234910188551357,0
6.778646464236611,56,5.8971667097028675,0.6426746576724236,0
7.408265885966654,40,4.5050555641508385,0.19584081258691888,1
6.739561890666972,45,4.718501495832491,0.8969579304235343,1
6.644894872091223,55,4.758717179844847,0.5201905232515545,0
6.989452760277563,42,5.211076315289766,0.44760294032021697,1
7.4856504541106,20,4.7134641060800035,0.5578201919292014,1
6.7420552715115,59,5.067023850599391,0.16603431341619546,1
7.172135547405879,34,5.563580659690059,0.6134731386391763,1
7.261619615328717,40,5.410771188224407,0.36310073663401043,1
6.7376375439924,28,4.892737293025171,0.8971863409646189,1
7.228216348611859,28,5.728432355348338,0.16885420667768614,1
6.867783132719254,29,5.1162804991877255,0.507051103865441,1
7.132305830593579,45,5.079811679004425,0.598112629369018,0
7.133529710760895,54,4.068375531878316,0.03338360178638122,1
7.035774684074759,44,5.973385960714323,0.36369312475614024,1
6.590289770054408,45,4.245941617059254,0.7326352347008328,1
7.335302495589238,30,4.462261824855293,0.8203775074489733,1
6.820780064971736,57,4.103393674483054,0.31316199481728235,1
6.686518510399854,21,5.280005933673827,0.7985932723827512,0
6.540775141554764,26,4.44940235394536,0.9677558771033888,1
7.0908929431882415,37,4.360020874945447,0.8568739360750941,1
7.177564361842283,46,4.177111168446483,0.1176439881593252,1
6.5165878289278565,53,4.2066179142480316,0.7397303320855406,0
7.012093058299281,46,5.169341400885178,0.3196668324405447,1
6.726495775197938,36,5.376415731733191,0.9884159894120765,0
7.1451727904094495,43,4.794757976928802,0.4853589831598871,1
6.6743664290049916,44,4.959794163184147,0.12243389835894103,0
7.190937738102466,26,5.371935471965968,0.7251855480273908,1
6.886735346300537,25,4.0347595803709595,0.32301119838621384,1
7.436729988736735,43,4.646261314140557,0.9970781570816617,0
6.637520944145994,52,5.946195496140692,0.9797824578545219,0
6.841066351050259,48,5.160224459390936,0.6561340180205807,1
6.613473521240589,41,4.508449159794987,0.12982644895171758,1
7.424693618278563,45,5.043460093272426,0.6868609976750291,0
7.377339353380981,47,4.685306976241831,0.0930304864600272,1
6.757941627715155,40,5.064489977652598,0.029364159102392318,0
7.159984046034179,26,4.251483023613297,0.8229584462214861,1
7.317222200201216,36,4.265429307638555,0.20975294768368136,1
7.055200811599462,39,4.2870847240787855,0.3790271262190974,1
7.029650578356007,39,5.879639583853684,0.9734573899761731,0
6.741852290900452,41,5.465797836682683,0.33684050186110326,1
6.593102767805899,47,4.324763789324642,0.29648978128331527,1
7.397215757953327,59,4.376698167531202,0.9182079996227752,0
7.40041805716333,26,5.461658949741753,0.11074844531895811,0
7.133101457273268,20,4.312327689584348,0.7595824101146318,0
6.8390297910487,51,4.469122586669657,0.988065566652774,0
6.849209574612661,32,5.926693665640798,0.9012960107746488,0
7.225955678870239,49,4.510613049456864,0.6516679187064259,1
7.397110259952577,42,5.3232647007422935,0.314060794992732,1
7.387086424265117,38,5.957262574801061,0.2543219811783167,0
7.279875545857624,51,4.7485935342795855,0.8192551048714611,1
7.142031646154288,49,4.035031981724124,0.8798219139516953,0
6.584139964995049,48,4.488294580844748,0.5254349125456929,1
6.661628714094614,48,5.6617543826834105,0.24433994078646615,1
7.398554188527079,49,5.729217671910074,0.11294320841117356,1
7.10642905965959,35,5.537038729047582,0.08717946783183117,1
6.5091970516166295,59,4.226219638153146,0.7190774473538556,0
6.601471542866032,38,5.591020743392806,0.42011872784772497,1
7.163501769108056,37,5.8373555939870085,0.9053598742778703,0
6.505061583846219,20,5.201219085092472,0.7396713007267637,0
6.660808051417499,33,5.88175071267613,0.1912604179145867,1
7.048733789366586,21,5.653677767423755,0.613777418815699,0
7.191895197692693,47,5.333943033981814,0.43550545439815935,1
7.151961259502601,49,5.154370473423496,0.5772497307686131,0
6.72426930946056,57,4.697147334483941,0.7380691233385172,0
7.212179221347536,23,4.3185748904856105,0.8061958810037908,1
6.7372490874968,20,5.209907845381082,0.8437373264067243,0
6.825399698159268,27,4.636223107236239,0.2539748745720247,1
7.246491405118024,48,5.73287733505529,0.031115599917357684,1
7.149632899047215,58,5.9866738747172565,0.7392947351647732,1
7.349223410494178,22,5.504855525231145,0.1063437262557746,0
7.157612892300343,51,4.180963390574101,0.31491958861296765,1
7.068308603335471,29,4.577371191061276,0.0038171341243471435,1
6.593674767828093,29,4.218219263531499,0.6816694824016201,1
6.867715803059434,38,5.301023295583431,0.16713201147122125,1
6.7652023676817254,53,5.5303817291115696,0.6552824096916582,0
6.743989643379083,52,5.851349661761423,0.9917426171678388,0
7.473010554752445,42,4.8763446928239755,0.07267087161001629,1
6.89309772466676,47,5.802751299176888,0.07707801195146069,1
7.392046555177114,51,5.755782318082655,0.3403800926666749,0
7.131138625997263,26,4.634391433530797,0.866386514251342,0
7.294811303541648,48,5.737801251081142,0.21552986879133185,0
7.002637093105192,27,4.751344503763453,0.36037781993034756,1
7.076903884626359,20,4.593738549120562,0.06850540662697957,0
6.992517693818864,22,5.298149317588786,0.7631552912588894,1
6.695242987798045,43,4.656762455770162,0.4083063427594511,0
7.222452115261506,42,5.260417496658288,0.7592487330608428,0
6.780772362440856,27,5.219663610997389,0.9036078443467951,1
6.524315966431454,56,5.126877854696918,0.23276314710128876,1
7.145472295907168,22,4.760839408465595,0.8073960303399513,0
6.677110679407049,52,5.096999443302954,0.059093890078253275,1
7.440458584352914,47,5.192970949970843,0.8988473881802473,0
7.453928577002587,27,5.091373776990947,0.6507685475587474,1
7.4148643902204485,53,4.8888389055024035,0.8742267241383516,1
6.870158700255445,54,4.029334114092528,0.00018839955658189744,1
6.515456616528867,51,5.174123415402302,0.1690810703559925,1
7.428318562587726,43,4.336888770285439,0.3897593874264921,1
6.928184148317314,33,5.285151937894379,0.3795029033747186,1
7.4666548190436695,51,5.518688655845732,0.22673038292351066,0
7.463619977089253,35,5.000890618261483,0.3816119398672001,1
7.35300945546736,23,5.084727329959477,0.12884871200025483,1
6.794448892069585,56,5.902957119331982,0.41276112926602604,0
6.8850977286019255,40,5.694334722745149,0.8023543291592642,0
7.351136671516857,33,5.82847303190294,0.4790700631033512,0
6.816922005156278,50,5.627532576639172,0.018000088945214987,1
6.6694927466860925,37,4.217836683693463,0.4214440415792474,0
7.05680126245835,26,4.29798371194039,0.027175016090844162,1
7.436154774160781,29,5.053247594537919,0.9662434107067982,1
7.196029796674973,26,4.4921393175959965,0.12745395942286897,1
7.070061170089365,52,4.953390950082318,0.7076883263306187,0
6.597176493770768,42,4.788730647636701,0.9727763228920858,0
7.11500722669917,40,5.0988284768609065,0.8260390516665719,1
7.490053850104263,38,5.493751432271646,0.6993153751262037,1
6.640084015236524,38,5.430981814198549,0.8394609095007669,0
7.018329652363737,55,5.042468264970669,0.9817986932606276,0
7.3773730719279556,48,5.644786837634117,0.6213444972535296,0
7.240768617754204,37,4.861724183076067,0.5591848068293265,1
7.197015740995268,21,5.793428579680245,0.6282381104632814,1
7.202484083987109,20,4.142560540110328,0.532675886761555,1
6.859491151219755,24,5.909320060066615,0.6350891059097188,1
6.793591844264493,39,5.309386162862697,0.44984220797255925,1
7.309361155478514,30,4.760149017874411,0.2184431828833071,1
7.310113394679181,21,4.394308253145755,0.12024722651167563,1
7.367072318580104,22,4.9583664588872,0.0683409355322604,1
7.413240552556472,42,4.389116646370602,0.2633157837532001,1
7.011342398860938,31,4.332663215486284,0.046123564335733835,1
7.0015162946872,39,5.234703514825949,0.5671707799193856,1
7.298295178966775,24,5.046169449163569,0.2838284470235203,1
7.149963930777766,56,5.340192069221883,0.8245348080870322,0
7.2019668772577035,57,5.859211754843979,0.07424087298838644,0
7.295792669436101,49,5.06452042667808,0.22635149434148594,1
7.390005341817567,28,5.161864106525595,0.7302461470901459,1
6.837995156851536,53,4.179252678309885,0.5988082963834914,0
6.875582952639944,54,5.435271571817259,0.06449127124916754,1
6.593981939840869,41,4.799810413608313,0.8772394571622004,0
7.078280140996174,43,5.953450477325157,0.8772617628261795,1
6.535942273796742,36,5.64634803119132,0.33040800387577385,0
6.96559801813246,29,5.044962081032237,0.3404058433495647,1
7.042644634707576,49,4.246445308344332,0.9890283583501739,1
6.786541252128284,42,5.718831586561178,0.6261761715931382,0
7.090833260569011,51,5.599562190848044,0.5313165205680591,1
6.530500249939049,36,4.369170259074066,0.8381521835519244,0
6.537348188749214,36,4.59055657844062,0.28529033835731643,0
7.322600560659659,33,5.586814516295675,0.4291825933963569,1
6.860190641411263,28,4.370456893094819,0.26777667548833417,1
6.627060512651885,59,5.835504978342755,0.7891608465887314,0
7.022243260054804,21,4.849054850392724,0.573349345635218,1
7.269993553098611,44,4.174077925175317,0.6588250701400705,1
6.715821027496843,58,5.631497287008562,0.25230724983940656,1
7.122890475819,28,4.747019366076775,0.2202253013773151,1
6.585347464993768,41,5.052998388307562,0.4883746289829387,1
6.551681721168608,23,4.224608688822438,0.7375657490928268,0
7.031354631568148,45,4.0051680296899645,0.5252397575201602,0
7.040635121610107,48,5.275970411586595,0.032645677545668605,1
7.137429901498207,53,5.0303503406674634,0.8685515063202888,0
7.226091333722661,42,5.187077138246295,0.06468689351513157,1
7.475852079462535,56,5.587487700761033,0.9558244837207522,0
7.016300348301195,30,5.29321182684572,0.025141958277272725,1
6.822956472941246,25,4.349546885654754,0.6944504561307088,1
7.295186194768704,37,4.721545038221199,0.08220706371178166,1
6.770832251262075,40,5.8117822095755205,0.9106765794351396,0
6.938971420705636,55,5.539889400503358,0.4644332362255428,0
6.578456381342266,57,5.113274115873434,0.1375237748170154,0
6.525350743415458,53,4.511289995618545,0.3408156997898466,0
7.4626484146779255,36,4.60412100366959,0.16482467534676204,1
7.335980120512206,56,5.463916135171269,0.17058191155709002,1
7.195974206093698,44,5.702348521705542,0.9481083201714422,0
6.90895294441427,57,5.342849339061229,0.44524611228478816,1
6.673294320070846,31,5.619059951536883,0.7888022639053596,0
6.656437042671086,42,5.5333122704008115,0.6396055611776819,0
6.750242898164595,41,4.299407935913916,0.6764263623383923,0
7.04922666470612,40,4.847889625826604,0.13169343847203852,1
7.214595922700062,46,4.305967601657125,0.23418444681548567,1
7.160197376717731,50,4.47047116960397,0.7867503351544369,1
6.779933896945943,25,5.738519249302105,0.970766206474783,0
7.454865280663194,46,4.945783931266364,0.2626756425986517,1
7.237896916695768,59,5.070716203685322,0.27156876475103986,0
7.054354052511401,53,4.356891930455545,0.47289713281090484,1
7.111720746234353,31,4.624543572097592,0.9838403128554378,0
6.91960006242779,26,4.46049233685574,0.26895894582647106,1
6.747730989501157,29,4.412372329036852,0.4069719096342639,1
6.855972678651262,36,5.27592158663194,0.8914800156235068,1
7.257846110464369,45,4.513767695291429,0.0029210326213620075,1
6.514393488629755,40,5.264030972040837,0.03976596498856955,1
6.616072640506916,47,4.116909228217108,0.6040716770712192,0
6.546002642021753,21,4.283548787054204,0.907380164712847,1
6.54072880231897,20,4.549080508000251,0.23885666040192766,1
7.355460584011007,55,5.194093833791383,0.469641774680709,1
7.203657859380024,45,5.351682490174752,0.4504653016578183,1
6.974173829087325,48,4.885433933559054,0.47297134609551017,1
6.597834160651002,40,4.8915818291544575,0.6225196957297452,0
6.991615875116833,30,5.449033702797236,0.46974376299068377,0
6.973471770780566,59,4.031642183531165,0.4474681413224578,1
6.673201869910015,30,4.682180048948441,0.4742884204312605,1
6.933851649237973,55,5.6374141142384655,0.5908674412710415,1
6.898504734397373,58,5.206438820426745,0.5370074883513584,0
7.115850098052216,59,4.674454265510841,0.8541359976505043,1
7.135093650867644,54,5.811049584659347,0.049496853493666615,1
6.545304009772044,53,5.545245454898765,0.8333170714730125,0
6.874612614626471,43,4.529790894473467,0.843924612611724,1
7.125859915714236,41,5.290579675051434,0.28490802153096084,1
7.003136258580088,24,5.191501456377914,0.46285195501585064,1
7.356489841188322,52,4.802375828077965,0.4385384885374355,1
7.158693631618945,55,4.733912158409601,0.2185098343541303,0
6.66293442708143,39,4.687120949551408,0.39679684708631646,0
6.57056874740043,38,5.234311566791294,0.044387772170854434,1
7.142419278206315,54,4.884819872961339,0.27782207278173443,1
6.526511310541622,36,5.663726226502844,0.8166821754507181,1
7.085775581273463,53,5.339205232267924,0.28456230176289754,1
7.440230241424958,28,4.139863211418868,0.8182066687482475,0
7.075474177875879,45,5.280336447656332,0.5315994646044309,0
6.888169926206522,21,4.54229487300037,0.87986267736116,0
7.143288218442353,28,5.185623983306845,0.5747795542644152,0
6.958252890491517,28,5.360263862206903,0.029668223064739818,1
7.045616789315935,59,4.461658378308024,0.6754202075470892,0
7.441464808776525,36,4.913717289760737,0.04485356802356866,1
6.886102637800774,20,4.380649725638135,0.450597018983134,1
7.461190563823914,44,4.104677751573017,0.929426694473114,0
7.405350641956064,59,4.756952846971738,0.16520393933785016,1
6.695791134789296,44,4.725888543691984,0.3898723529415441,1
6.5693613008751655,58,5.990960981408514,0.7298603088484784,0
6.600778001377426,54,4.892704702395284,0.8822585560948476,0
6.518221825651549,22,4.667139098944401,0.6709430047425079,0
6.594442960755928,56,5.160950013433349,0.2581732541911692,0
7.1830067734163565,49,4.177534788215537,0.6746078529162162,1
6.571188648460229,57,5.923331471909626,0.29672764110409,0
6.818975630293761,53,5.269920091182066,0.7184292298187352,0
7.344875310969455,31,5.509675639881696,0.9540331275850406,0
6.523271935735826,38,4.340955876347835,0.7213934511062883,1
7.314468482588936,56,4.818955706010408,0.8628805029124124,1
6.7818547747734,36,4.845378226792379,0.002103843175883413,1
6.618164827621657,29,5.643612887802174,0.7175721247315944,0
7.1967371653641505,31,4.002473359518818,0.8295875568652503,1
7.128942846779884,35,4.601706216706511,0.04055873754468142,1
7.377472013527053,43,5.962472748688608,0.8715977272882306,0
7.235071043803885,38,4.949773087012437,0.25669422831004585,1
7.303480930384849,27,4.765052560488017,0.6652921019780552,0
6.782034572571306,50,4.2396580040352925,0.8003548790234066,1
6.677439543779723,40,5.948329257256031,0.6626645130593555,1
7.250614751640859,36,4.040052711851649,0.09228479207325724,0
7.306834739267264,42,5.474360450014486,0.5963215188603683,1
7.490505142000673,56,5.537199609577017,0.5495836567221436,1
6.9126176769114265,35,4.487313432127733,0.9003212680742715,0
6.872018085792783,25,5.343116887226074,0.4042397296442092,1
7.276412960741997,27,4.18585828875878,0.3210810970870501,1
6.840803540253018,44,4.51409453286416,0.7498507644364663,1
7.430757325603564,37,5.57580397658453,0.41267532608339663,0
7.358412751843012,44,5.72937238406708,0.646096175005063,0
6.928994027375018,31,5.216972825319583,0.646450090124607,0
7.250871067791497,34,5.013676863640965,0.8880390643601178,1
7.254542874084683,45,4.318608041237961,0.5986924023190974,0
6.603123868835933,45,4.1262180661583,0.5021536099619869,1
7.402552906679567,51,4.2352980569471175,0.138871326396517,1
7.005252372447857,29,4.454714600192197,0.11573760667870536,1
7.326457466107741,35,4.6833490037938414,0.1543215652830794,1
6.820049601030612,26,4.761819051021974,0.17184848132709452,1
7.3955232284962005,36,4.692643537178007,0.6378770926636339,1
6.889201678734163,42,4.478110664394531,0.7409812502745785,0
6.510837651480299,45,5.019448493503396,0.5299915229264187,1
7.405381976419264,40,5.650572216465793,0.829017732545491,0
6.591286676786133,41,4.559407076942959,0.9912632267336332,1
6.819313637590415,26,5.884774038204466,0.820012629119356,0
7.450061967050805,33,5.746673323447696,0.6948823736759592,0
7.450607146937556,34,4.32352842270422,0.5324926994371466,1
7.073437888123286,26,5.572551913514189,0.4488530716747082,0
7.131837212169799,28,5.149174764635533,0.08439238054454234,1
6.94844552197832,27,5.133150724342837,0.39936874839469094,1
6.793210771698065,42,4.782085526116349,0.9101346367821342,0
6.828664545369916,48,5.00230599836402,0.8080226299065529,1
7.1725184560770385,37,4.794357554858422,0.2160513650116872,1
7.25237452943768,50,5.079465237519885,0.46660778469721587,1
7.291579043725848,49,5.255900105545272,0.8167232025585446,1
7.289618142794554,58,5.348607612818097,0.06738455478552252,1
6.59120610304869,54,5.064962385118852,0.3873925856686593,1
6.994420304702581,37,5.442844134657463,0.8518412368739476,1
6.5575587600166445,58,4.282556098551011,0.40389786417012374,0
7.049528882323735,36,4.4239649818044775,0.07761464473144086,0
6.941530501373377,33,5.63747000814854,0.5425343685322515,0
7.387704182758299,50,4.645055955692831,0.8617424949182954,0
6.850915012552079,43,4.04578764995224,0.5902855429531597,1
6.6170670164276055,54,4.307582299336062,0.2262791082142318,1
6.642991682052836,53,4.447228868992623,0.38423962013738133,0
7.2615106317174725,22,5.914645775789174,0.4501233611819322,1
7.118218063316261,56,5.146082857861699,0.5792663538205268,0
6.60112267612279,59,5.86546148095251,0.759351025752613,0
6.584106806114997,45,5.15032670099325,0.0988736176406354,1
7.20096913145912,42,4.958708880275704,0.8896520330175663,0
6.572763006364194,58,4.627455382388192,0.01230970301607559,0
7.321860059290357,34,5.212741888866751,0.37005233467425525,1
7.206242227156496,23,4.2783960492350595,0.027420309972657653,1
6.5813487806419,48,5.796523254585412,0.39297422534529125,1
6.584837714085192,41,5.658664810282567,0.5258125988733238,0
7.486639578501175,44,4.6350628957534745,0.5116813865815117,1
6.874270795756121,32,5.905595055202589,0.16562834702826534,0
6.870642147066891,37,5.650401534831136,0.6457405100956123,1
7.312799567257502,52,5.332613771670079,0.04477845050466822,1
7.447248577383859,35,4.24352382225055,0.7619068201324154,1
7.4860010638228704,21,4.956468046096145,0.9466444339935463,0
7.253378185258942,54,5.012215109693502,0.3397688271511179,1
6.876259585530915,53,4.46510271673076,0.5172393817143319,1
6.583500716698669,49,4.159930788718604,0.3789102780588144,1
7.277146915927437,32,5.553447260943385,0.006710390304059954,1
7.058404249735805,32,4.24407010424879,0.38587450289511593,1
6.924222009246976,37,5.188581501123549,0.7917202592613465,0
7.406354385094736,51,5.872898347767321,0.5959888421834818,1
6.611197482306151,51,5.752210385196085,0.10125991461515893,1
6.992625104290859,54,4.555505247498522,0.847139489693785,1
6.511353644767419,58,5.702897275102531,0.5310853448852428,0
6.968660641994126,48,4.000665012240979,0.8417233617446761,1
6.556303275681837,48,4.035375619226515,0.5802215187850294,1
6.618817916268072,35,5.20510632768573,0.5596884448379399,0
6.617526246777105,29,4.729596438289059,0.10525918519701238,1
7.149210302116064,49,4.7729216823182945,0.16735973313862795,1
7.2460448792654235,44,5.128882181357765,0.9720252564965911,1
7.08336876509716,58,4.383564911183721,0.22848674675477076,1
7.462172548474542,39,4.423510701330956,0.9774521179903679,1
6.874870579523704,24,4.969203174037729,0.5319127065242634,1
6.785712086281861,20,5.508507088687726,0.13578904706393713,0
7.3685991281894605,49,5.238995502815175,0.09930220275369295,1
6.7235958385194525,22,4.594710096473678,0.20886407070573998,0
7.463222539440611,33,4.860674355017842,0.9256373300253358,0
6.512154474689816,49,4.341329517099997,0.4141502243282268,0
7.469878826707639,23,4.149259628674163,0.39543426799291437,0
6.543159911950577,37,5.565392081488298,0.313206261070174,1
7.391143113698071,56,4.530774818376389,0.14706185056658838,1
7.0277011090862995,44,4.355532775702496,0.48785119719240644,1
7.4929647961193,20,5.383236111138639,0.1300477825111387,1
6.573796564735399,34,5.236103348574372,0.8354802363823276,0
7.053854284401321,28,5.266379252026928,0.3703969862753065,1
7.469302535619099,34,4.457789209693227,0.37480356778179635,1
7.023097844170149,43,4.465291077125362,0.4740064284831559,1
7.129398638135262,23,4.441605259571278,0.4441277131657516,1
7.195748688984617,31,4.347505191324589,0.9948579730593216,0
6.954541064767773,56,5.311447345123312,0.5453811212183025,1
7.127558080084063,56,5.696031770498803,0.08820170378987069,0
7.0843143119231,25,5.448634939353322,0.60687734157693,1
7.401158010490989,58,5.584187267521086,0.15158429286987996,1
6.545446380341458,43,4.8095968581704,0.030937644731341973,1
6.780963189592231,30,5.3081515907439965,0.9707421536772481,0
7.450411484076559,32,4.708472480889549,0.7735388915345639,1
7.390263783890917,53,5.05100924393728,0.9801089924137669,0
6.955656752785713,44,4.963269693069725,0.47787844802224244,1
7.120132597801537,26,4.353774290287709,0.5322575311489761,1
6.777381182981133,23,4.774157520671261,0.16833695591913023,0
6.688121159723761,27,5.927644550964702,0.24690742666758558,1
6.963698404939982,39,4.497160515429885,0.8385492149028282,0
6.853352228026052,48,4.267607472558978,0.35618564711759415,1
7.083656111850872,29,4.837161243247871,0.826814973796419,1
6.577734636964985,53,5.580675471720296,0.7090137242870318,0
7.474394807666166,45,5.164296459559944,0.1771709252718655,0
7.486210744479603,22,5.361949654476489,0.5074463661197421,1
7.198161714019745,25,4.379389696349355,0.6773873215187168,1
7.03609636634412,24,5.237896386015443,0.2350372148038251,1
6.809527616286328,24,4.647000789822948,0.8306885105200769,1
7.313795019706949,42,5.668606731909535,0.5448276575451868,1
7.184731172553879,28,5.258597612021473,0.1652420504426032,1
6.6626169393448915,54,4.397712555550592,0.5829844261646024,0
7.4109271844938425,39,4.129233359688172,0.999713804155914,0
7.322537242923169,54,4.085266418574065,0.15052149166341355,1
7.449799913291924,37,4.742817135300282,0.8167569301195281,1
7.22571950838836,36,4.5317022733086265,0.20730900318755796,1
7.11341519593579,43,5.292180246925016,0.7823883294600873,1
6.918243036290619,22,4.9986676699572365,0.7345779231214132,1
7.432728483354014,51,4.532038556010761,0.30048938560043237,1
7.366063889500408,54,4.298475555900352,0.3258231175644498,1
6.545218670106189,57,4.254399525374899,0.7925213919629192,0
6.526366974497252,32,5.729320784280835,0.46144551188731264,0
6.87646336687805,44,4.486955936809735,0.7308180287118088,0
7.310553330781833,28,5.303421295821937,0.14798414736583476,1
7.487276129314944,23,5.621371855972533,0.8525577819015535,0
6.650416891103529,33,5.228162622369473,0.7108847166823191,1
7.094130715352135,56,5.719130463293892,0.9069428088348339,0
6.880890856631021,53,4.784787443056949,0.13237237903497245,1
7.469914397814604,30,5.912444381297897,0.5930145003605977,1
7.3421189231357085,22,4.266290008356194,0.5991205850403252,0
7.338328704711138,47,4.204299059315076,0.35346074054678245,1
6.96869315979497,48,5.3173842924148875,0.4584664245692578,1
6.914819502337665,28,5.885662282826523,0.03798156328985347,1
6.7734070719307065,22,5.617766923272656,0.745860038627012,0
6.556375496650928,44,4.152833718876103,0.549322479403174,1
7.364722376255053,53,4.558735427869433,0.057741051869173776,1
7.312901009130077,31,5.860637769675647,0.6807558929604856,0
7.49971767328613,28,4.5061168656015695,0.4667820772311879,1
7.496636837073906,34,5.5623408475738385,0.034461259425,0
7.0554317056026274,59,5.650264391857408,0.9696077268480954,1
7.2689874151805105,44,4.990904206921964,0.9491121430894405,0
7.444765729882428,24,4.772697819696631,0.5129024161471976,1
7.349647390677411,30,4.9002488648395195,0.0936724207059102,1
6.7473481017431975,53,4.453929388730728,0.7546212215985918,1
6.950544135310094,43,5.778781832257689,0.49193110010572905,0
6.629159415151495,34,4.901239313459516,0.3024474782893799,1
7.454051027258722,57,5.7649188809122,0.49141817752855677,1
7.1061746344508805,27,4.211386959812549,0.5224441454054645,0
6.728642805503463,24,5.976550542000263,0.5627116990223392,0
7.171700684405857,45,4.886546174887236,0.44122371365532653,1
7.118128240457896,37,4.095661640788211,0.6057553031390567,1
6.85816271803284,25,4.07604369647491,0.9187347106063773,0
6.613557592199629,56,5.492414514963677,0.36226808709859115,0
7.171573195592799,32,5.318071068407361,0.7257164632199491,0
7.0203077009037935,47,5.604261116255175,0.8944525568242322,0
7.27231839173564,24,4.2107350679056115,0.4559792757599369,1
7.020163501111993,32,4.071141734071096,0.4434558363819041,0
7.35218150031854,36,5.017158578895157,0.6021169853547795,1
7.051906838774485,59,4.775190462965539,0.5914067594224881,1
7.060937971535386,51,4.923893873341911,0.806589342326277,1
7.376653602658345,48,5.9831768177405475,0.4764833837782927,1
6.903482866212397,22,5.941499915341341,0.9961229496394411,1
6.63401522845064,59,5.884630779346386,0.05947156886728078,0
6.528782676313339,53,5.567685353535348,0.0031678485807017376,0
7.255137255673619,59,4.709682720513781,0.6401983115596238,1
7.120309551353465,46,4.824261860525543,0.2984349123618767,0
7.2040797680992235,32,5.099232087437849,0.2403823886994838,1
6.712964161508911,52,5.66106891280968,0.31189908000428046,0
6.6363714755867695,25,4.1374256650365355,0.2560475651049543,1
6.514544665667882,43,4.848593771769776,0.03079004966044785,1
6.8505875588065965,38,4.165235326918538,0.9715330423905887,0
7.089917686854633,35,5.029315173147023,0.22074548845278175,1
6.892244045099733,59,5.797801648012471,0.7340297625893063,0
6.937474922023729,47,5.564969849127876,0.7625963946941753,1
7.4041586944937485,52,4.45568483508622,0.9292573980072293,1
6.8482554670233,32,5.951981699197585,0.030549457093379973,1
7.013989489159811,44,5.334700796092857,0.8720483384470077,1
7.283653012741143,55,4.020855398794806,0.5272261808398002,1
6.89654278232127,46,4.510826969370439,0.6325441099658279,1
7.122086700227873,57,4.521426599839833,0.6444702771210337,1
7.362363708746745,26,4.138508612571719,0.8197978049847275,1
7.449520623657643,24,5.919653036151858,0.3334073221591105,1
6.647073480929038,50,4.956510589151847,0.7330511898599934,1
7.426587625161495,42,5.791629194743764,0.5285781097221971,0
6.992116293079539,29,4.644431006889256,0.7933940143053477,1
6.758244388298959,51,4.250467140865654,0.9905460327701334,0
6.959135756238261,49,4.948672219812428,0.20065101740376123,1
7.4800325752854775,58,4.227913269428634,0.9946486415599979,0
6.99261809399287,50,4.972031005955079,0.089812154282774,1
6.828751610287508,37,5.840594362438815,0.002317547904813866,0
7.133400854316726,55,5.041536283668425,0.04416193617783126,1
6.740145618778193,21,5.232999453790167,0.3417824047367617,0
6.575863328108664,33,4.313276873947617,0.6329063306784342,0
6.628879721910649,32,4.087471251759939,0.06902954088784963,1
6.628045838957773,48,4.2216159243596145,0.00566581452956727,1
6.6519026935122945,31,5.197063151368731,0.9370910284587948,1
6.63882717264941,58,4.190023397984609,0.8219266359399297,0
7.140874744803215,21,4.751985779882623,0.809183171139031,1
6.681880084399145,51,5.100183880916312,0.8844242755019771,1
6.845667283323863,32,4.777305597259694,0.7000342727721044,1
7.396788409906012,46,4.327367602930603,0.10440412974808144,1
6.973961640262872,36,4.5475826150282135,0.39910018807372305,1
7.167557738521027,59,5.856635065697154,0.7231494864646295,0
6.67231987120163,50,5.351964551172711,0.2803344607915209,0
6.692289018808671,53,4.992095677359773,0.6874063641362376,0
6.540868616266479,43,4.025429779973787,0.02449844826765235,1
6.668935063072165,54,5.984830800978941,0.3061373408795932,0
6.778590339031958,25,5.3429098697892865,0.5491303362771727,1
6.677010484276747,38,4.63384495468989,0.6320898295062423,1
6.588702533757056,49,5.758537319995677,0.5770406644619108,0
6.620635871100601,26,4.516863240583636,0.6977562760734295,1
6.960778768032726,29,5.088033158365503,0.00608874823983907,1
6.7063337184057925,51,5.272141527459651,0.10094119997752149,1
6.864269861048076,53,4.4421267429074565,0.8689442522791451,1
7.0034172708548565,47,5.956794557601192,0.6817486440901612,0
7.1903948286293655,34,5.496383811957995,0.1129316426860113,1
6.539312139841099,49,5.115626451022139,0.8420744373985792,1
7.299410398909043,56,4.361189196350602,0.2422312178245669,1
7.127900389490907,48,4.1077164139960525,0.4782598841952235,1
6.581759031948872,41,4.640119665041967,0.1451965128846603,1
7.373578624106777,23,5.506374671826806,0.7101100564217067,0
7.420872400531813,39,4.53866259660405,0.6668544210142678,1
6.561077959854864,51,5.07911244099101,0.21111247116613618,1
6.776877648147204,55,5.4558943534614865,0.8634007668570018,0
7.306201279793061,23,4.215887429292929,0.4013060242197122,1
7.248259690383659,46,5.370596032231747,0.2925150910707418,1
6.684521019356377,36,4.183741775420089,0.15232958946453545,1
6.70934932333671,31,5.930259484253993,0.26616801251553746,1
6.870472102791382,41,4.976788260129879,0.022026921223816998,1
6.984522985191021,36,4.3013522154197545,0.5832574924561156,1
7.118254771530296,29,4.684767272067093,0.8422307463439479,1
6.868913639569772,20,4.8268328985905224,0.5489804494416418,1
6.962534716133148,41,5.516370022153074,0.21927396192387572,1
7.247470938133756,45,5.486847572153218,0.03366917821387272,1
6.536683202890598,37,5.223881010674662,0.21462807325880284,0
6.752436944344021,33,4.211861425116986,0.4161214280710923,0
7.213349585884552,48,4.303138743175348,0.7596114286997965,1
7.3952068376871996,31,4.187513841291113,0.1878428525377741,1
7.0116774421156665,55,5.1543455665751,0.7197914533546861,1
7.032113485265316,54,5.754276883022808,0.8669334683518837,0
6.607172011339776,31,4.867601024509543,0.45394684810835706,1
6.947412366823455,26,4.321696347915492,0.8214319916425933,0
7.0326172664550235,48,5.116084650297934,0.5546573480350956,1
6.742470503634729,30,5.623504433731419,0.637090837080905,0
6.769243230949381,52,5.48342412302586,0.5262784603382027,0
6.877284163104623,25,5.762901559350043,0.46317271675134175,0
6.520071197777726,34,4.555804194497735,0.23465344177584935,0
6.822079165583178,51,4.38790773453555,0.30319405946104605,0
6.7114480069965445,30,5.759632971883877,0.289970118943609,0
6.8274973521779145,42,5.315120625556046,0.5632889309538147,0
6.619762131819251,45,4.621857860015108,0.11995369302388992,1
7.390527280739895,53,5.484696101145018,0.9167916907023351,1
7.093592453554049,53,5.630236768960736,0.7206551452831133,0
7.17910231914449,48,5.229956480682265,0.40144563091319363,1
7.289171238607338,23,5.375768219759831,0.15862414452637796,1
6.998442198929057,36,4.750519808885333,0.8819921697216359,1
6.586920288087423,54,5.077391334686078,0.8237780901011652,1
7.037106541818548,32,5.048318341452324,0.7217215527171793,0
7.086841118020879,58,5.6960955822615436,0.27154704741124236,1
7.24543947418433,34,5.679927960564365,0.40244663743366893,0
6.931659546229679,48,5.665360938694087,0.10274825245242336,1
6.627580302795564,48,4.022063228524932,0.18903952472753172,0
6.783775905798724,30,5.499090968937777,0.7830166373167329,1
6.863082296398635,51,5.5173527802220095,0.7150387188506838,0
7.145917241331601,21,5.3567576457102835,0.5934857629759347,1
7.070778304668912,33,5.512529315782905,0.8957267259261729,0
6.856096725897846,39,5.683940742993418,0.5832665178130454,0
7.48651524879298,41,4.940638108203571,0.4669679999636107,0
7.1057748193568875,30,5.004100426976894,0.3403707463057627,1
6.737226791735995,46,4.2494281138227805,0.9404485057361726,1
6.601782472620403,22,4.770751766094723,0.0827154615243535,1
6.652859139184332,36,5.286730359823569,0.9308873720608084,1
6.745957728384508,47,5.560799552294549,0.8267146599310183,0
6.660681373259556,48,4.434418195382421,0.1299299245357013,1
6.686567024051306,40,4.275645798318471,0.5649843576752536,1
6.785095168693847,35,5.326084009000985,0.8665479817490869,0
6.673373595294755,56,4.0037597670498215,0.5718091636071537,0
7.396765424626425,39,4.35674516861466,0.9071998215606223,0
6.580233745661642,25,4.0581427606879075,0.9429838168160425,0
7.024511389570255,38,4.333770235709742,0.4223845221843059,1
6.910396826989661,24,4.3626385598510105,0.3773136614063236,1
7.482378616908607,22,4.775347189500788,0.9363211539691568,1
6.612038902168052,20,4.804654249373112,0.6751400611496681,0
6.897855599045742,57,5.7485249412204755,0.11602268134816929,1
7.469470433275369,34,5.02021942499765,0.042291749222681196,1
7.365507125893981,53,5.446809531224573,0.5646290509972631,0
7.31707207094928,54,4.208274715840575,0.9301709654384246,0
6.75790282704494,44,4.450877510927388,0.8442487024058184,1
6.670887587390066,43,5.405886881957354,0.6758477464643364,0
7.168643219924431,31,4.105607920937056,0.13911584889108752,1
7.4293759891275855,37,4.973195324487506,0.2542313837486956,1
7.0567628930139294,34,5.1987379313258675,0.8755112265526162,0
7.0716126894699,35,5.204291288104962,0.18280723665690046,1
6.779979093660284,46,4.045865622536084,0.27843940825043456,0
7.269492933191937,27,4.644216008458371,0.12960065119544195,1
6.687043748557524,44,5.272981302098308,0.6761082314144111,0
6.823679236404244,36,4.297999472298487,0.9439823053632096,1
6.9254364386164164,48,5.390831296656106,0.26896803159538596,1
7.007610378684455,27,5.491850417627349,0.4754066078500737,1
6.74240973241508,34,5.963938380892291,0.6343397397112043,0
6.6148368247392035,46,4.419683989712819,0.9994662482156307,0
7.110620042441632,26,5.65026133533223,0.10480806499757211,1
6.788630553240256,22,5.0405931538373085,0.49857079950570915,1
7.081238221422613,48,4.746925192288347,0.38512011990250006,1
6.654362715274202,43,4.244753514650355,0.8658201652223552,0
6.981140101854818,22,5.471011212975075,0.4759677310116559,0
6.5,32,3.4,0.43,1
0.1,67,5.8,78.0,0
8.6,67,5.8,78.0,0
8.6,67,5.8,78.0,0
8.6,67,5.8,78.0,0
8.6,67,5.8,78.0,0
8.6,67,5.8,78.0,0
7.3,67,5.8,78.0,0
7.3,67,5.8,78.0,0
7.3,67,5.8,78.0,0
7.3,67,5.8,0.78,0
7.3,67,5.8,0.97,0
4.6,67,5.8,0.97,0
5.6,67,5.8,0.45,0
5.6,34.2,5.8,0.45,0
5.6,34.2,2.3,0.45,1
